<?xml version="1.0" encoding="UTF-8"?>
<project-private xmlns="http://www.netbeans.org/ns/project-private/1">
    <editor-bookmarks xmlns="http://www.netbeans.org/ns/editor-bookmarks/2" lastBookmarkId="0"/>
    <open-files xmlns="http://www.netbeans.org/ns/projectui-open-files/2">
        <group>
            <file>file:/C:/Users/danie/OneDrive/Escritorio/TRABAJO%20EDA/SistemaGestionTramites/src/Controladores/AdminController.java</file>
            <file>file:/C:/Users/danie/OneDrive/Escritorio/TRABAJO%20EDA/SistemaGestionTramites/src/Controladores/Principal.java</file>
            <file>file:/C:/Users/danie/OneDrive/Escritorio/TRABAJO%20EDA/SistemaGestionTramites/src/Vista/Admin.java</file>
            <file>file:/C:/Users/danie/OneDrive/Escritorio/TRABAJO%20EDA/SistemaGestionTramites/src/Modelo/Dependencia.java</file>
            <file>file:/C:/Users/danie/OneDrive/Escritorio/TRABAJO%20EDA/SistemaGestionTramites/src/Modelo/Tramite.java</file>
            <file>file:/C:/Users/danie/OneDrive/Escritorio/TRABAJO%20EDA/SistemaGestionTramites/src/Modelo/SeguimientoTramite.java</file>
            <file>file:/C:/Users/danie/OneDrive/Escritorio/TRABAJO%20EDA/SistemaGestionTramites/src/Modelo/RegistrarAlumno.java</file>
            <file>file:/C:/Users/danie/OneDrive/Escritorio/TRABAJO%20EDA/SistemaGestionTramites/src/tda/Cola.java</file>
            <file>file:/C:/Users/danie/OneDrive/Escritorio/TRABAJO%20EDA/SistemaGestionTramites/src/tda/Lista.java</file>
            <file>file:/C:/Users/danie/OneDrive/Escritorio/TRABAJO%20EDA/SistemaGestionTramites/src/Controladores/LoginController.java</file>
            <file>file:/C:/Users/danie/OneDrive/Escritorio/TRABAJO%20EDA/SistemaGestionTramites/src/Modelo/Alumno.java</file>
            <file>file:/C:/Users/danie/OneDrive/Escritorio/TRABAJO%20EDA/SistemaGestionTramites/src/Modelo/Persona.java</file>
            <file>file:/C:/Users/danie/OneDrive/Escritorio/TRABAJO%20EDA/SistemaGestionTramites/src/tda/Nodo.java</file>
            <file>file:/C:/Users/danie/OneDrive/Escritorio/TRABAJO%20EDA/SistemaGestionTramites/src/Vista/AccesoUsuario.java</file>
            <file>file:/C:/Users/danie/OneDrive/Escritorio/TRABAJO%20EDA/SistemaGestionTramites/src/tda/Pila.java</file>
            <file>file:/C:/Users/danie/OneDrive/Escritorio/TRABAJO%20EDA/SistemaGestionTramites/src/Imagenes/ICON4.png</file>
        </group>
    </open-files>
</project-private>
